<?xml version="1.0" encoding="UTF-8" standalone="yes"?>
    <addon id="repository.ktvlive" name="KTV Live Repository" version="1.0.0" provider-name="Kritik TV">
        <requires>
            <import addon="xbmc.addon" version="12.0.0"/>
        </requires>
        <extension point="xbmc.addon.repository" name="KTV Live Repository">
            <dir>
				<info compressed="false">https://raw.githubusercontent.com/Solvtions/ktvlive/master/_zips/addons.xml</info>
				<checksum>https://raw.githubusercontent.com/Solvtions/ktvlive/master/_zips/addons.xml.md5</checksum>
				<datadir zip="true">https://raw.githubusercontent.com/Solvtions/ktvlive/master/_zips/</datadir>
				<hashes>false</hashes>
			</dir>
			<dir>
		        <info compressed="false">https://raw.githubusercontent.com/marcelveldt/repository.marcelveldt/master/addons.xml</info>
                <checksum>https://raw.githubusercontent.com/marcelveldt/repository.marcelveldt/master/addons.xml.md5</checksum>
                <datadir zip="true">https://raw.githubusercontent.com/marcelveldt/repository.marcelveldt/master/</datadir>
            </dir>
			<dir>
                <info compressed="false">https://raw.githubusercontent.com/jsergio123/zips/master/addons.xml</info>
                <checksum>https://raw.githubusercontent.com/jsergio123/zips/master/addons.xml.md5</checksum>
                <datadir zip="true">https://raw.githubusercontent.com/jsergio123/zips/master/</datadir>
            </dir>
			<dir>
                <info compressed="false">https://raw.githubusercontent.com/totalrevolution/python-koding/master/zips/addons.xml</info>
                <checksum>https://raw.githubusercontent.com/totalrevolution/python-koding/master/zips/addons.xml.md5</checksum>
                <datadir zip="true">https://raw.githubusercontent.com/totalrevolution/python-koding/master/zips/</datadir>
            </dir>
			<dir>
                <info compressed="false">https://raw.githubusercontent.com/teamuniversal/scrapers/master/_modules4all/zips/addons.xml</info>
                <checksum>https://raw.githubusercontent.com/teamuniversal/scrapers/master/_modules4all/zips/addons.xml.md5</checksum>
                <datadir zip="true">https://raw.githubusercontent.com/teamuniversal/scrapers/master/_modules4all/zips/</datadir>
			</dir>
		</extension>
        <extension point="xbmc.addon.metadata">
            <summary>KTV Live Repository</summary>
            <description>Access KTV Live on your Kodi.. As a bonus we tossed in our KTV Cinema addon for Movies, TV Shows and much more..!!!</description>
            <platform>all</platform>
            <genre>movies,usa</genre>
        </extension>
    </addon>